,step,amount,oldbalanceOrg,newbalanceOrig,oldbalanceDest,newbalanceDest,isFraud,isFlaggedFraud,hour
count,200000.0,200000.0,200000.0,200000.0,200000.0,200000.0,200000.0,200000.0,200000.0
mean,10.06589,180811.16655015,882195.71914345,900193.7737595999,941159.1917318,1191866.255354,0.000735,0.0,10.06589
std,2.1217400917183715,329179.96340402303,2766263.9062756333,2803758.725893738,2373010.175361483,2655236.392576243,0.02710098609492349,0.0,2.1217400917183715
min,1.0,0.32,0.0,0.0,0.0,0.0,0.0,0.0,1.0
25%,9.0,12016.12,0.0,0.0,0.0,0.0,0.0,0.0,9.0
50%,10.0,68721.045,19510.0,0.0,50558.5,132083.90000000002,0.0,0.0,10.0
75%,12.0,229079.07,191568.58500000002,227521.155,764536.1175,1189163.75,0.0,0.0,12.0
max,13.0,10000000.0,38939424.03,38946233.02,39039582.05,39042481.25,1.0,0.0,13.0
