,step,amount,oldbalanceOrg,newbalanceOrig,oldbalanceDest,newbalanceDest,isFraud,isFlaggedFraud,hour
count,200000.0,200000.0,200000.0,200000.0,200000.0,200000.0,200000.0,200000.0,200000.0
mean,27.002345,158013.0024159,882230.54639245,902216.9559867501,976231.2336987,1111311.5135398002,0.00109,0.0,15.053945
std,15.675490043565322,262861.79079038335,2989810.7155685085,3026194.6606175737,2294681.9633078882,2412385.6021973174,0.03299723237010523,0.0,4.386601320878242
min,1.0,0.3,0.0,0.0,0.0,0.0,0.0,0.0,0.0
25%,15.0,12150.0475,0.0,0.0,0.0,0.0,0.0,0.0,12.0
50%,20.0,75653.725,15707.0,0.0,127534.065,218199.03,0.0,0.0,15.0
75%,39.0,212707.6325,136335.2,174077.7525,915977.83,1148714.935,0.0,0.0,19.0
max,95.0,10000000.0,38441831.6,38563401.41,42054659.73,42169156.09,1.0,0.0,23.0
