{
  "0": 0.5006472700224578,
  "1": 386.73756906077347
}