{
  "LR_balanced": 0.9986295872338673,
  "LR_smote": 0.9621257303377755,
  "RF_balanced": 0.6234509387008316,
  "RF_smote": 0.6291040362527268
}